Names,Prices

Heinz Mustard - 235g, 24.5  LE
American Garden Mustard - 340g, 44.75  LE
Reine De Dijon Moutarde A Lancienne 190G, 50.5  LE
Kuhne American Mustard 255G, 44.5  LE
Kuhne Herbs Mustard - 255g, 43.5  LE
Colmans Mustard 113Gr, 50  LE
Colmans Mustard -170g, 70.5  LE
Metro Mustard - 250g, 16.95  LE
Remia Light Mayonnaise - 250ml, 18.75  LE
Remia Mayonnaise - 250ml, 23  LE
Heinz Mayonnaise - 180g, 20.75  LE
Heinz Mayonnaise Classic 225M, 49.99  LE
Heinz Chili Mayonnaise - 225ml, 55  LE
Heinz Garlic Mayonnaise - 225ml, 55  LE
Np Heinz Mayonnaise 310G Save 5Le, 28.99  LE
Remia 1000 Island Salad Dressing - 250g, 34.5  LE
Remia Garlic Salad Dressing - 250ml, 34.5  LE
Kuhne Thousand Island Dressing - 250ml, 64.95  LE
Remia Barbecue Sauce 250M, 33.5  LE
Kuhne Spicy Barbecue Sauce - 250g, 54.99  LE
Heinz Salad Cream Original - 570M, 155  LE
Remia Garlic Sauce 250 M, 34.5  LE
Regina Snails Pasta - 400g, 14.25  LE
Regina Pasta 1.6mm Spaghetti - 400g, 14.25  LE
Regina 6mm Small Rings Pasta - 400g, 14.25  LE
Regina N.10 Vermicelli Pasta - 400g, 14.25  LE
Regina Penne Pasta - 400g, 14.25  LE
Regina Alphabet & Numbers Pasta - 400g, 14.25  LE
Regina Big Rings Pasta - 400g, 14.25  LE
Regina Linguini Pasta - 400g, 14.25  LE
Regina Elbow Pasta - 400g, 14.25  LE
Regina Shells Pasta - 400g, 14.25  LE
Regina Fusilli Pasta - 400g, 14.25  LE
Pasta Zara N.11 Linguine - 500g, 55.99  LE
Italiano Fettuccine Pasta - 400g, 12.25  LE
Masreya Vermicelli Pasta - 350g, 9.5  LE
Masreya Rice Pasta - 350g, 9.5  LE
Masreya Linguini Pasta - 350g, 9.5  LE
Masreya Elbow Pasta - 350g, 9.5  LE
Masreya Snail Pasta - 350g, 9.5  LE
Masreya Small Ring Pasta - 350g, 9.5  LE
Italiano Small Ring Pasta - 400g, 12.25  LE
Italiano Risoni Pasta - 400g, 12.25  LE
Italiano Ziti Pasta - 400g, 12.25  LE
El-Maleka Vermicelli - 400g, 7.25  LE
El-Maleka Penne Pasta - 400g, 7.25  LE
El-Maleka Risoni Pasta - 400g, 7.25  LE
El-Maleka Spaghetti - 400g, 7.25  LE
Regina Fiocchi Pasta - 400g, 14.25  LE
El-Maleka Small Rings Pasta - 400g, 7.25  LE
Pasta Zara Fidellini(100) 500G, 79.99  LE
Agnesi N.61 Farfalle Pasta - 500g, 66.75  LE
Agnesi N.87 Penne Rigate Pasta - 500g, 66.75  LE
Agnesi N.78 Fusilli Pasta - 500g, 66.75  LE
Agnesi N.3 Spaghetti - 500g, 66.75  LE
Agnesi N.10 Le Linguine Pasta - 500g, 66.75  LE
Agnesi Tagliatelle Mezzane500G, 107.75  LE
Agnesi N.19 Penne Rigate Pasta - 500g, 66.75  LE
El-Maleka Big Rings Pasta - 400g, 7.25  LE
El-Maleka Elbow Pasta - 400g, 7.25  LE
Agnesi Cannelloni Pasta - 250g, 66.75  LE
El-Maleka Elbow Pasta - 1kg, 16.75  LE
El-Maleka Big Ring Pasta - 1kg, 16.75  LE
El-Maleka Small Ring Pasta - 1kg, 16.75  LE
El-Maleka Penne Pasta - 1kg, 16.75  LE
El-Maleka Vermicelli - 1kg, 16.75  LE
El-Maleka Spaghetti - 1kg, 16.75  LE
Regina Rice Pasta - 400g, 14.25  LE
Masreya 1.6mm Spaghetti - 350g, 9.5  LE
Masreya Penne Pasta - 350g, 9.5  LE
Pasta Zara N.115 Cannelloni Pasta - 250g, 95.75  LE
Masreya 1.6mm Spaghetti - 1kg, 22.75  LE
Masreya Linguini Pasta - 1kg, 22.75  LE
Masreya Vermicelli Pasta - 1kg, 22.75  LE
Masreya Penne Pasta - 1kg, 22.75  LE
Regina Spaghetti - 1kg, 29.75  LE
Regina Linguini Pasta - 1kg, 29.75  LE
Regina Vermicelli Pasta - 1kg, 29.75  LE
Regina Rice Pasta - 1kg, 29.75  LE
Regina Small Rings Pasta - 1kg, 29.75  LE
Regina Big Rings Pasta - 1kg, 29.75  LE
Regina Penne Pasta - 1kg, 29.75  LE
Regina Fusilli Pasta - 1kg, 29.75  LE
Regina Snails Pasta - 1kg, 29.75  LE
Italiano Spaghetti - 400g, 12.25  LE
Italiano Penne Pasta - 400g, 12.25  LE
Italiano Shells Pasta - 400g, 12.25  LE
Italiano Fusilli Pasta - 400g, 12.25  LE
Italiano Serpentine Pasta - 400g, 12.25  LE
Italiano Big Rings Pasta - 400g, 12.25  LE
Italiano Vermicelli Pasta - 400g, 12.25  LE
Regina Pipe Pasta - 400g, 14.25  LE
Regina Macaroni Pasta - 400g, 14.25  LE
Regina Twist Pasta - 400g, 14.25  LE
Al Doha Penne Pasta - 400g, 13.5  LE
Al Doha Big Rings Pasta - 400g, 13.5  LE
Al Doha Small Rings Pasta - 400g, 13.5  LE
Al Doha Elbow Pasta - 400g, 13.5  LE
Al Doha Spaghetti - 400g, 13.5  LE
Al Doha Vermicelli Pasta - 400g, 13.5  LE
Al Doha Risoni Pasta Rice - 400g, 13.5  LE
Al Doha Fusilli Pasta - 400g, 13.5  LE
El-Maleka Lasagna - 400g, 16.75  LE
Italiano Lasagna Pasta - 400g, 28.75  LE
Regina Farfalle Pasta - 400g, 14.25  LE
Regina Lasagne Pasta - 500g, 49.75  LE
Agnesi No.(49) Penne Rigatoni - 500g, 66.75  LE
Lametna Penne Pasta - 400g, 6.75  LE
Lametna Vermicelli Pasta - 400g, 6.75  LE
Lametna Spaghetti Pasta - 400g, 6.75  LE
Lametna Small Rings Pasta - 400g, 6.75  LE
Tilda Pure Original Basmati Rice - 1kg, 66.99  LE
Daria Supreme Basmati Rice - 1kg, 53.75  LE
Daria Golden Basmati Rice - 1kg, 74.75  LE
Daria Brown Basmati Rice - 1kg, 66.99  LE
Al Tahya Basmati Rice - 1kg, 78.99  LE
Al Tahya Basmati Rice - 2kg, 155.99  LE
Tilda Brown Basmati Rice - 1kg, 77.99  LE
Kohinoor Ex. L. Grain Basmati Rice - 1kg, 78.99  LE
Kohinoor Extra Long Basmati Rice -1kg, 84.5  LE
Abu Kass Basmati Rice - 1kg, 71.5  LE
Kohinoor Sela Gold Basmati Rice -1kg, 84.5  LE
Kohinoor Trophy Gold Basmati Rice - 1kg, 84.5  LE
Metro Basmati Rice Golden Jar -1kg, 59.95  LE
Al Doha Egyptian Rice - 5kg, 84.99  LE
Al Doha Egyptian White Rice - 1kg, 18.75  LE
Assem Excellant Rice - 1kg, 18.75  LE
Assem Excellant Rice - 5kg, 91.75  LE
Rehana Egyptian White Rice - 1kg, 15.5  LE
Metro Excellant Rice - 5Kg, 82.5  LE
Indomie Shrimp Fl. Instant Noodles - 70g, 4.99  LE
Indomie Chicken Noodles - 70g, 4.99  LE
Indomie Beef Fl. Instant Noodles - 75g, 5  LE
Indomie Veg Fl. Instant Noodles - 75g, 5  LE
Indomie Chicken Curry Fl. Noodles - 75g, 5  LE
Indomie Chicken Fl. Noodles Cup - 55g, 7.5  LE
Indomie Beef Fl. Noodles Cup - 60g, 7.5  LE
Indomie Curry Fl. Noodles Cup - 60g, 7.5  LE
Indomie Chicken Noodles - 100g, 6.99  LE
FF Creamy Shrimp Instant Noodles - 65g, 61.99  LE
FF Tom Yum Flavor Instant Noodles - 65g, 61.99  LE
FF Sea Food Instant Noodles - 65g, 61.99  LE
FF Braised Chicken Instant Noodles - 65g, 61.99  LE
Indomie Veg Fl. Super Mi Noodles - 70g, 4.99  LE
Indomie Veg Fl. Super Mi Noodles - 100g, 6.99  LE
Indomie Beef Fl. Instant Noodles - 70g, 4.99  LE
Indomie Beef Fl. Instant Noodles - 100g, 6.99  LE
Indomie Sausage Noodles - 70g, 4.99  LE
Imtenan Cargo Brown Rice - 750g, 34.75  LE
Al Doha Egyptian White Beans - 500g, 25.5  LE
Al Doha Black Eyed Peas - 500g, 31.45  LE
Al Doha Yellow Lentil - 500g, 36.25  LE
Al Doha Brown Lentils - 500g, 34.99  LE
Al Doha Egyptian Fava Beans -500g, 38.5  LE
Al Doha Crushed Beans - 500g, 31.99  LE
Al Doha Scraped Wheat - 500g, 23.99  LE
Al Doha Freekeh - 500g, 34.99  LE
Al Doha Chickpeas - 500g, 38.75  LE
Al Doha Lupine - 500g, 29.99  LE
Al Doha Pop Corn - 500g, 22.5  LE
Al Doha Mulukhiyah - 100g, 14.5  LE
Al Doha Yellow Split Peas - 50g, 9.5  LE
El Matbakh Yellow Lentil 350 G, 22.75  LE
El Matbakh El Masry Egyn Beans - 350g, 21.5  LE
Dayma Lupines -1k, 38.99  LE
Star Diet Brown Sugar Cubes - 500g, 26.5  LE
Star Diet Broun Sugar - 100ch, 39.99  LE
Star Natural Brown Sugar - 1kg, 47.75  LE
Star Diet Brown Sugar - 5g x 50 Sachet, 22.5  LE
Billingtons Dark Brown Soft Sugar - 1kg, 121.75  LE
Billingtons Light Brown S. Sugar - 500g, 59.99  LE
Rehana Icing Sugar - 1kg, 22.45  LE
Sekem Stevia Natural Sweetener - 40 Enve, 55.75  LE
Domino Sugar Dark Brown - 453g, 84.99  LE
Domino Light Brown Sugar - 453g, 84.99  LE
Al Doha Powdered Sugar - 1kg, 27.75  LE
Sweet & Slim No Cal Sweetener - 400 Pc, 209.99  LE
Star Diet Fructose Sweetener - 500g, 43.25  LE
Star Diet Fructose Sweetener - 100 Pc, 43.25  LE
Star White Refined Sugar - 120 Sachet, 26.5  LE
Sweet & Slim No Cal Sweetener - 25 Pc, 22.99  LE
Al Doha Powdered Sugar - 500g, 14.5  LE
Star White Sugar Cubes - 500g, 15.75  LE
Star Diet White Sugar Cubes - 1kg, 29.99  LE
El Matbakh El Masry Sugar Pouch - 1kg, 14.75  LE
Sweet & Slim No Cal Sweetener - 100 Pc, 66.99  LE
Sweet & Slim No Cal Asp Fr Swt - 50 Pc, 45.99  LE
Star Diet Fructose Sweetener - 125g, 12.99  LE
Aunty Baheya Natural White Sugar - 1kg, 13.99  LE
Star Natural Brown Sugar500g, 26.5  LE
Metro Suger - 1kg, 13.25  LE
Sweet & SlimBake Lite 75G, 22.25  LE
El-Doha White Sugar - 750g, 19.99  LE
Al Doha Fine Flour - 1kg, 21.5  LE
Five Stars All Purpose Flour - 1kg, 21.5  LE
Healthy Mill All Purpose Flour - 500g, 28.99  LE
Dayma All Purpose Flour -1k, 22.99  LE
Heinz Natural Vinegar - 1l, 11.25  LE
Yamama Apple Vinegar - 300ml, 37.5  LE
American G. Apple Cider Vinegar - 473ml, 30.95  LE
American G. Apple Vinegar - 946ml, 63.95  LE
Wadi Food Balsamic Grape Vinegar - 250ml, 57.7  LE
Yamama Natural White Vinegar - 1l, 21.5  LE
Galletti Balsamic Vinegar 500M, 64.95  LE
Galletti Apple Vinegar 500M, 37.5  LE
Yamama Balsamic Vinegar - 250ml, 54.99  LE
Heinz Natural Vinegar - 500ml, 7.99  LE
Wadi Food Natural Vinegar - 1l, 10.25  LE
Wadi Food Apple Vinegar - 500ml, 33.95  LE
Varvelio Aceto Di Bianco Vinegar - 500ml, 45.5  LE
Varvelio Aceto Di Vino Rosso Vineg. 500M, 45.5  LE
Varvelio Aceto Di Vino Rosso Vineg. 500M, 45.5  LE
Borges White Grape Vinegar - 500ml, 42.5  LE
Bragg Org Apple Cider Vinegar - 473ml, 136.99  LE
Borges Balsamic Vinegar Modena 500M, 71.99  LE
Borges Red Grape Vinegar - 500ml, 42.5  LE
Donelli Balsamic Vinegar 500Ml, 58  LE
Paladin Red Wine Vinegar - 500ml, 30.25  LE
Paladin Apple Cider Vinegar - 500ml, 31.25  LE
Paladin Lemongar Lem. w/ Vinegar - 500ml, 17.95  LE
Paladin White Grape Vinegar - 500ml, 31.25  LE
Paladin Spirit Vinegar w/ Garlic - 500ml, 25.25  LE
Ponti Balsamic Vinegar Of Modena 500Ml, 121.5  LE
Ponti White Grape Wine Vinegar - 500ml, 60.95  LE
Ponti Red Grape Wine Vinegar - 500ml, 60.95  LE
Rauch Apple Cider Vinegar 750Ml, 66.95  LE
Heinz Natural Tomato Paste - 135g, 6.95  LE
Heinz Pasta Sauce Jar - 365g, 24.5  LE
Heinz Pizza Sauce Jar - 350g, 25.99  LE
Harvest Tomato Paste - 320g, 13.5  LE
Wadi Food Tomato Paste - 320g, 13.45  LE
Heinz Tomato Paste Jar - 360g, 14.75  LE
Wadi Food Tomato Paste - 360g, 11.75  LE
Harvest Tomato Paste - 375g, 17.5  LE
Al Ain Tomato Sauce Jar - 360g, 10.95  LE
Al Ain Tomato Sauce Can - 360g, 10.95  LE
Al Ain Tomato Sauce Jar - 720g, 26.95  LE
Al Ain Tomato Paste 280Gr, 4.99  LE
Metro Tomato Paste ( 22:24% ) - 360g, 11.5  LE
Tabasco Mild Green Pepper Sauce - 59ml, 59.95  LE
Tabasco Chipotle Pepper Sauce - 150g, 139.95  LE
Gold Alex Ground Red Pepper - 370g, 22.99  LE
Monarch Hot Tabasco Ppr Sauce - 58 ml, 21.25  LE
Monarch Louisiana Hot Sauce - 177ml, 20.75  LE
Heinz Premium Hot Sauce - 165g, 16.99  LE
Tabasco Habanero Pepper Sauce - 60ml, 82.95  LE
Tabasco Sriracha Sauce 566g, 205  LE
Heinz Tomato Ketchup 200Gr, 14.75  LE
Heinz Tomato Ketchup - 340g, 24.5  LE
Heinz Tomato Ketchup - 513g, 35.5  LE
Heinz Hot Ketchup - 200g, 15.25  LE
Heinz Tomato Hot Ketchup 285G, 19.99  LE
Np Heinz Tomato Ketchup 200G Save 15%, 12.55  LE
Np Heinz Tomato Ketchup 850G Save 5Le, 42.5  LE
Metro Tomato Ketchup/Asquez - 320g, 18.95  LE
Haday Superior Dark Soy Sauce - 150ml, 32.95  LE
Haday Superior Light Soy Sauce - 150ml, 32.95  LE
Monarch Soy Sauce - 295ml, 44  LE
Foodprint Light Soya Sauce - 150ml, 26.5  LE
Foodprint Dark Soya Sauce - 500ml, 54.99  LE
Foodprint Light Soya Sauce - 500ml, 48.5  LE
Foodprint G.F Dark Soya Sauce - 150ml, 38.5  LE
Foodprint G.F Light Soya Sauce - 150ml, 33.99  LE
Wadi Food Virgin Olive Oil - 250ml, 71.99  LE
Crystal Corn Oil - 800ml, 46.99  LE
Crystal Sunflower Oil - 800ml, 40.99  LE
Afia Corn Oil - 800ml, 45.5  LE
Wadi Food Extra Virgin Olive Oil - 500ml, 146.99  LE
Halla Sunflower Oil - 750M, 34.5  LE
Wadi Food Extra Virgin Olive Oil - 250ml, 84.99  LE
Noor Sunflower Oil - 900ml, 47.5  LE
Wadi Food Extra Virgin Olive Oil - 2l, 442.99  LE
Wadi Food Extra Virgin Olive Oil - 1l, 239.99  LE
Wadi Food Virgin Olive Oil - 500ml, 123.99  LE
Qaleya Frying & Cooking Oil - 2.1l, 75.99  LE
Helwa Frying & Cooking Oil - 4.5l, 159.99  LE
Sunny Cooking Oil - 2.4l, 98.99  LE
Qaleya Frying & Cooking Oil - 700ml, 27.5  LE
Hedeya Mixed Cooking Oil - 700ml, 27.5  LE
Isis Org Extra Virgin Olive Oil - 750ml, 207.75  LE
Isis Org Extra Virgin Olive Oil - 500ml, 155.99  LE
Wadi Food Virgin Olive Oil - 2l, 412.99  LE
Qaleya Frying & Cooking Oil - 4.5l, 157.99  LE
Al-Asil Corn Oil - 1.5l, 75.99  LE
Halla Sunflower Oil - 1.5l, 63.99  LE
Al-Asil Corn Oil - 2.25l, 107.99  LE
Halla Sunflower Oil - 2.25l, 88.99  LE
Isis Org Extra Virgin Olive Oil - 250ml, 85.99  LE
Wadi Food Virgin Olive Oil - 1l, 223.75  LE
Afia Sunflower Oil - 800 ml, 38.99  LE
Sunny Cooking Oil - 750ml, 30.75  LE
Iliada Ex. Vir. Olive Oil - 500ml, 177.75  LE
Iliada Ex. Vir. Light Olive Oil - 500ml, 177.75  LE
King Rice Bran Oil - 1l, 115.99  LE
Al-Asil Sunflower Oil - 2.25l, 90.99  LE
Wadi Food E Virgin Olive Oil Pet - 250ml, 77.99  LE
Wadi Food E Virgin Olive Oil Pet - 500ml, 133.99  LE
Crystal Sunflower Oil - 5l, 232.99  LE
Barbera Extra Virgin Olive Oil - 500ml, 137.95  LE
Barbera Extra Virgin Olive Oil - 750ml, 173.95  LE
Barbera Il Biologico Olive Oil - 1l, 314.95  LE
Barbera Te. Dellulivo Olive Oil - 750ml, 259.95  LE
Barbera Filtrato Olive Oil - 1l, 294.95  LE
Barbera Cast. Di Res. Olive Oil - 750ml, 259.95  LE
Barbera Il Biologico Olive Oil - 250ml, 101.95  LE
Barbera Il Biologico Olive Oil - 500ml, 177.95  LE
Divine Org Virgin Coconut Oil - 300ml, 179  LE
Sunny Cooking Oil - 4.4l, 176.75  LE
Sekem Organic Olive Oil - 250ml, 85.99  LE
Sekem Organic Peanut Oil - 250 ml, 81.99  LE
Sekem Organic Flax Seed Oil - 250 ml, 57.5  LE
Sekem Organic Sesame Oil - 250 ml, 63.99  LE
Star Diet Fructose Sweetener - 450g, 43.25  LE
Star Diet Fructose Sweetener - 500g, 43.25  LE
Star Diet Fructose Sweetener - 100 Pc, 43.25  LE
Star White Refined Sugar - 120 Sachet, 26.5  LE
Star Diet Fructose Sweetener - 350g, 33.25  LE
Sweet & Slim No Cal Sweetener - 25 Pc, 22.99  LE
Al Doha Powdered Sugar - 500g, 14.5  LE
Star White Sugar Cubes - 500g, 15.75  LE
Star Diet White Sugar Cubes - 1kg, 29.99  LE
El Matbakh El Masry Sugar Pouch - 1kg, 14.75  LE
Sweet & Slim No Cal Sweetener - 100 Pc, 66.99  LE
Sweet & Slim No Cal Asp Fr Swt - 50 Pc, 45.99  LE
Star Diet Fructose Sweetener - 250g, 23.25  LE
Star Diet Fructose Sweetener - 125g, 12.99  LE
Aunty Baheya Natural White Sugar - 1kg, 13.99  LE
Star Natural Brown Sugar500g, 26.5  LE
Metro Suger - 1kg, 13.25  LE
Sweet & SlimBake Lite 75G, 22.25  LE
Canderel Sweet & Tasty - 75g, 84.99  LE
El-Doha White Sugar - 750g, 19.99  LE
Al Doha Fine Flour - 1kg, 21.5  LE
Five Stars All Purpose Flour - 1kg, 21.5  LE
Agnesi La Polenta Flour - 500g, 19.99  LE
Healthy Mill Oats with Chia - 500g, 36.75  LE
Healthy Mill All Purpose Flour - 500g, 28.99  LE
Healthy Mill Oats Flour - 500g, 28.99  LE
Healthy Mill Chickpea Flour - 500g, 46.75  LE
Metro Flour All Purpose -1kg, 15.95  LE
Healthy Mill Oats F. Gluten Free - 500g, 46.75  LE
Healthy Mill Q. Coo.Oats G.Free - 500g, 46.75  LE
Healthy Mill Oats Flour G. Free - 500g, 46.75  LE
Dayma All Purpose Flour -1k, 22.99  LE
Heinz Natural Vinegar - 1l, 11.25  LE
Yamama Apple Vinegar - 300ml, 37.5  LE
American G. Apple Cider Vinegar - 473ml, 30.95  LE
American G. Apple Vinegar - 946ml, 63.95  LE
Wadi Food Balsamic Grape Vinegar - 250ml, 57.7  LE
Yamama Natural White Vinegar - 1l, 21.5  LE
Galletti Balsamic Vinegar 500M, 64.95  LE
Galletti Apple Vinegar 500M, 37.5  LE
Yamama Balsamic Vinegar - 250ml, 54.99  LE
Rana Apple Vinegar - 474ml, 42.99  LE
Heinz Natural Vinegar - 500ml, 7.99  LE
Borges Cider Vinegar - 250ml, 38.75  LE
Borges Balsamic Vinegar - 250ml, 53  LE
Wadi Food Natural Vinegar - 1l, 10.25  LE
Wadi Food Apple Vinegar - 500ml, 33.95  LE
Varvelio Aceto Di Bianco Vinegar - 500ml, 45.5  LE
Varvelio Aceto Di Vino Rosso Vineg. 500M, 45.5  LE
Varvelio Aceto Di Vino Rosso Vineg. 500M, 45.5  LE
Negmet El Zeitoun B. Gr. Vinegar - 300ml, 31.5  LE
Fersan Apple Vinegar - 500ml, 39.75  LE
Borges Cider Vinegar - 500ml, 56.25  LE
Borges White Grape Vinegar - 500ml, 42.5  LE
Bragg Org Apple Cider Vinegar - 473ml, 136.99  LE
Borges Balsamic Vinegar Modena 500M, 71.99  LE
Borges Red Grape Vinegar - 500ml, 42.5  LE
De Nigris Org Apl Cider Vinegar - 500ml, 120.7  LE
Daria Apple Vinegar - 250ml, 35.75  LE
Donelli Balsamic Vinegar 500Ml, 58  LE
Kuhne Apple Cider Vinegar - 250ml, 48.5  LE
Kuhne Balsamic Vinegar - 250ml, 58.99  LE
Paladin Red Wine Vinegar - 500ml, 30.25  LE
Paladin Apple Cider Vinegar - 500ml, 31.25  LE
Paladin Lemongar Lem. w/ Vinegar - 500ml, 17.95  LE
Paladin Rose Portuguese Vinegar - 500ml, 29.25  LE
Paladin White Grape Vinegar - 500ml, 31.25  LE
Paladin Spirit Vinegar w/ Garlic - 500ml, 25.25  LE
Ponti Balsamic Vinegar Of Modena 500Ml, 121.5  LE
Ponti White Grape Wine Vinegar - 500ml, 60.95  LE
Ponti Red Grape Wine Vinegar - 500ml, 60.95  LE
Rauch Apple Cider Vinegar 750Ml, 66.95  LE
Heinz Natural Tomato Paste - 135g, 6.95  LE
Heinz Pasta Sauce Jar - 365g, 24.5  LE
Heinz Pizza Sauce Jar - 350g, 25.99  LE
Francesco R Tom & Gar Pasta Sauce - 680g, 113.95  LE
Francesco Trad.Pasta Sauce680G, 113.95  LE
Sacla Tomato & Basil Pasta Sauce - 350g, 133.95  LE
Harvest Tomato Paste - 320g, 13.5  LE
Wadi Food Tomato Paste - 320g, 13.45  LE
Heinz Tomato Paste Jar - 360g, 14.75  LE
Wadi Food Tomato Paste - 360g, 11.75  LE
Francesco R Marinara Pasta Sauce - 680g, 113.5  LE
Francesco R Tom & Bas Pasta Sauce - 680g, 113.5  LE
Harvest Tomato Paste - 800g, 34.95  LE
Harvest Tomato Paste - 375g, 17.5  LE
Le Bonta Del Casale Pomo. Secchi - 280g, 67.5  LE
NP Heinz Tomato Paste 360G Sav 10%, 13.25  LE
Al Ain Tomato Sauce Jar - 360g, 10.95  LE
Al Ain Tomato Sauce Can - 360g, 10.95  LE
Al Ain Tomato Sauce Jar - 720g, 26.95  LE
Francesco R Sw & Ts Tomato Sauce - 680g, 113  LE
Np Heinz Tomato Paste 360G*4, 52.99  LE
Al Ain Tomato Paste 280Gr, 4.99  LE
Metro Tomato Paste ( 22:24% ) - 360g, 11.5  LE
Tabasco Mild Green Pepper Sauce - 59ml, 59.95  LE
Tabasco Chipotle Pepper Sauce - 150g, 139.95  LE
Gold Alex Ground Red Pepper - 370g, 22.99  LE
Rana Extra Hot Salsa 88M, 29.99  LE
American Garden Hot Sauce - 177ml, 24.25  LE
Monarch Hot Tabasco Ppr Sauce - 58 ml, 21.25  LE
Monarch Louisiana Hot Sauce - 88ml, 12.15  LE
Monarch Louisiana Hot Sauce - 177ml, 20.75  LE
Heinz Premium Hot Sauce - 165g, 16.99  LE
Tabasco Habanero Pepper Sauce - 60ml, 82.95  LE
Tabasco Sriracha Sauce 566g, 205  LE
Heinz Tomato Ketchup 200Gr, 14.75  LE
Heinz Tomato Ketchup - 340g, 24.5  LE
Heinz Tomato Ketchup - 513g, 35.5  LE
Heinz Hot Ketchup - 200g, 15.25  LE
American Garden U.S Ketchup - 397g, 48  LE
American Garden U.S Ketchup - 680g, 59.25  LE
American Garden Ketch.Squ.567G, 62.95  LE
Heinz Tomato Hot Ketchup 285G, 19.99  LE
Np Heinz Tomato Ketchup 200G Save 15%, 12.55  LE
Np Heinz Tomato Ketchup 850G Save 5Le, 42.5  LE
Metro Tomato Ketchup/Asquez - 320g, 18.95  LE
Yamama Soya Sauce - 500ml, 65.99  LE
Yamama Soya Sauce - 250ml, 44.99  LE
American Gard.Soya Sauce 295M, 46.75  LE
Haday Superior Dark Soy Sauce - 150ml, 32.95  LE
Haday Superior Light Soy Sauce - 150ml, 32.95  LE
Monarch Soy Sauce - 295ml, 44  LE
Foodprint Dark Soya Sauce - 150ml, 28.99  LE
Foodprint Light Soya Sauce - 150ml, 26.5  LE
Foodprint Dark Soya Sauce - 500ml, 54.99  LE
Foodprint Light Soya Sauce - 500ml, 48.5  LE
Foodprint G.F Dark Soya Sauce - 150ml, 38.5  LE
Foodprint G.F Light Soya Sauce - 150ml, 33.99  LE
Kikkoman Soy Sauce - 148ml, 45.95  LE
Kikoman Soy Sauce - 591m, 105.95  LE
Borges Classic Olive Oil - 500ml, 108.75  LE
Wadi Food Virgin Olive Oil - 250ml, 71.99  LE
Crystal Corn Oil - 800ml, 46.99  LE
Crystal Sunflower Oil - 800ml, 40.99  LE
Afia Corn Oil - 800ml, 45.5  LE
Wadi Food Extra Virgin Olive Oil - 500ml, 146.99  LE
Halla Sunflower Oil - 750M, 34.5  LE
Wadi Food Extra Virgin Olive Oil - 250ml, 84.99  LE
Iliada Extra Kalamata Olive Oil - 250ml, 81.25  LE
Iliada Ext.Kalam.Olive Oil 750, 212.99  LE
Noor Sunflower Oil - 900ml, 47.5  LE
Wadi Food Extra Virgin Olive Oil - 2l, 442.99  LE
Wadi Food Extra Virgin Olive Oil - 1l, 239.99  LE
Wadi Food Virgin Olive Oil - 500ml, 123.99  LE
Qaleya Frying & Cooking Oil - 2.1l, 75.99  LE
Helwa Frying & Cooking Oil - 4.5l, 159.99  LE
Marzooka Frying&Cook.Oil 700M, 27.75  LE
Sunny Cooking Oil - 2.4l, 98.99  LE
Qaleya Frying & Cooking Oil - 700ml, 27.5  LE
Hedeya Mixed Cooking Oil - 700ml, 27.5  LE
Isis Org Extra Virgin Olive Oil - 750ml, 207.75  LE
Isis Org Extra Virgin Olive Oil - 500ml, 155.99  LE
Wadi Food Virgin Olive Oil - 2l, 412.99  LE
Qaleya Frying & Cooking Oil - 4.5l, 157.99  LE
Al-Asil Corn Oil - 1.5l, 75.99  LE
Halla Sunflower Oil - 1.5l, 63.99  LE
Al-Asil Corn Oil - 2.25l, 107.99  LE
Halla Sunflower Oil - 2.25l, 88.99  LE
Pam Original Canola Oil 170g, 209.99  LE
Isis Org Extra Virgin Olive Oil - 250ml, 85.99  LE
Iliada Kalamata Bob Ex. Vir. Oil - 500ml, 187.75  LE
Noor Sunflower Oil - 2.7l, 131.75  LE
Wadi Food Virgin Olive Oil - 1l, 223.75  LE
Afia Sunflower Oil - 800 ml, 38.99  LE
Iliada Ext.Kalam.Olive Oil 500, 187.75  LE
Sunny Cooking Oil - 750ml, 30.75  LE
Iliada Ex. Vir. Olive Oil - 500ml, 177.75  LE
Iliada Ex. Vir. Light Olive Oil - 500ml, 177.75  LE
King Rice Bran Oil - 1l, 115.99  LE
Al-Asil Sunflower Oil - 2.25l, 90.99  LE
Wadi Food E Virgin Olive Oil Pet - 250ml, 77.99  LE
Wadi Food E Virgin Olive Oil Pet - 500ml, 133.99  LE
Pam Baking Cooking Spray - 141g, 209.99  LE
Pam Butter Fla.Cookin.Spr.141g, 219.99  LE
Pam Ex. Vir. Ol.Oil Cooking Spray - 141g, 141.99  LE
Monini Olive Oil Extra Vergine 250M, 118.99  LE
Halla Sunflower Oil - 500ml, 22.99  LE
Crystal Sunflower Oil - 5l, 232.99  LE
Barbera Extra Virgin Olive Oil - 500ml, 137.95  LE
Barbera Extra Virgin Olive Oil - 750ml, 173.95  LE
Barbera Il Biologico Olive Oil - 1l, 314.95  LE
Barbera Te. Dellulivo Olive Oil - 750ml, 259.95  LE
Barbera Filtrato Olive Oil - 1l, 294.95  LE
Barbera Cast. Di Res. Olive Oil - 750ml, 259.95  LE
Barbera Il Biologico Olive Oil - 250ml, 101.95  LE
Barbera Il Biologico Olive Oil - 500ml, 177.95  LE
Divine Org Virgin Coconut Oil - 300ml, 179  LE
Pam Sup. Coco. Oil Cooking Spray - 141g, 209.99  LE
Sunny Cooking Oil - 4.4l, 176.75  LE
Imtenan Coconut Oil - 250ml, 141.99  LE
Pam Grill Grillades Cooking Spray - 141g, 209.99  LE
Sekem Organic Olive Oil - 250ml, 85.99  LE
Sekem Organic Peanut Oil - 250 ml, 81.99  LE
Sekem Organic Flax Seed Oil - 250 ml, 57.5  LE
Sekem Organic Black Seed Oil - 250 ml, 194.99  LE
Sekem Organic Sesame Oil - 250 ml, 63.99  LE
Monini Olive Oil Extra Vergine 1 L, 309.99  LE
Shahd Pure Sunflower Oil - 900ml, 32.99  LE
Slite Sunflower Oil - 750M, 34.99  LE
Slite Sunflower Oil - 1.5l, 64.99  LE
Slite Sunflower Oil - 2.25l, 94.99  LE
Helwa Oil Frying&Cooking700 Ml, 27.99  LE
Helwa Frying & Cooking Oil - 2.25l, 81.99  LE
Afia Sunflower Oil - 2.2 l, 102.99  LE
Afia Corn Oil - 2.2l, 119.99  LE
Al-Asil Sunflower Oil - 1.5l, 61.99  LE
Hedeya Mixed Cooking Oil - 4.5l, 157.99  LE
Hedeya Mixed Cooking Oil - 2.1l, 75.99  LE
Afia Corn Oil - 1.6l, 87.99  LE
Afia Sunflower Oil - 1.6l, 74.99  LE
Asir Extra Virgin Coconut Oil - 160g, 79.99  LE
Crystal Sunflower Oil - 1.6l, 74.99  LE
Crystal Sunflower Oil - 2.2l, 101.99  LE
Crystal Corn Oil - 1.6l, 87.99  LE
Crystal Corn Oil - 2.2l, 119.99  LE
Hanady Cooking & Frying Oil - 700ml, 27.99  LE
Hedeya Mixed Cooking Oil - 1l, 36.5  LE
Qaleya Frying & Cooking Oil - 1l, 36.5  LE
Divine Org Virgin Cooking Oil - 300ml, 129  LE
Slite Corn Oil - 750ml, 39.99  LE
Hanady Cooking&Frying Oil 1 L, 36.99  LE
King Rice Bran Oil - 2l, 216.99  LE
Harraz Black Cumin Oil - 250ml, 108.99  LE
Harraz Black Cumin Oil - 100ml, 51.75  LE
Harraz Sesame Oil - 250ml, 68.5  LE
Harraz Sesame Oil - 100ml, 34.5  LE
Harraz Flaxseed Oil - 250ml, 69.99  LE
Harraz Flaxseed Oil - 100ml, 35.75  LE
Harraz Grape Seed Oil - 250ml, 69.99  LE
Harraz Grape Seed Oil - 100ml, 35.75  LE
Harraz Pumpkin Seed Oil - 100ml, 87.75  LE
Olive Tree Extra Virgin Olive Oil - 1l, 109.95  LE
Iliada Singel Estate Ext.Virg.O/Oil750M, 373.75  LE
Al-Asil Corn Oil - 750ml, 39.5  LE
Iliada Ex Virgin Olive Oil Spray - 200ml, 177.75  LE
Iliada Organic Extra Olive Oil - 500ml, 191.99  LE
Iliada Organic Olive Oil Can - 750ml, 272.99  LE
Slite Corn Oil - 2.25l, 109.99  LE
Slite Corn Oil - 1.5l, 76.99  LE
Al-Asil Sunflower Oil - 700ml, 32.5  LE
Iliada Gold Kala. Ex. Olive Oil - 250ml, 89.99  LE
Crystal Corn Oil - 3.5l, 169.99  LE
Metro Virgin Olive Oil - 250 Ml, 47.95  LE
Metro Virgin Olive Oil - 500 Ml, 89.5  LE
Metro Virgin Olive Oil Pet - 1 L, 169.95  LE
Metro Extra Virgin Olive Oil 250 Ml, 76.5  LE
Metro Extra Virgin Olive Oil 500 Ml, 127.95  LE
Zitouna Extra Virgin Olive Oil 500 Ml, 96.99  LE
Zitouna Extra Virgin Olive Oil 1 L, 186.99  LE
Zitouna Extra Virgin Olive Oil 1 L, 177.99  LE
Zitouna Extra Virgin Olive Oil 2 L, 324.99  LE
Iliada Manaki Ext.Virg Variety500 Ml, 192.99  LE
Iliada Premium Ext.Virg Greek 500 Ml, 196.99  LE
Iliada Koroneiki Ext.Virg Variety 500Ml, 196.99  LE
Iliada Lakonia Ext.Virg Pgi 500 Ml, 192.99  LE
Iliada Koroneiki Ext.Virg Variety 1 Lt, 285.75  LE
Iliada Early Harvest Ext.Virg Pgi 750 Ml, 399.99  LE
Np Zitouna Extra V.O/Oil 1L+ 250Ml.Free, 177.99  LE
Karpea Extra Virgin Olive Oil-250m, 64.95  LE
Karpea Greek E.V.Olive Oil Classic-500ml, 123.95  LE
Karpea Greek E.V.Olive Oil Classic-750ml, 164.95  LE
Karpea Greek E.V.Olive Oil Unfiltr-500ml, 119.95  LE
Karpea Greek.03 E.V Olive Oil - 500ml, 129.95  LE
